"name","phone"
"Techware Software Solutions Pvt Ltd.","098118 69727"
"Digital Mesh Softech India P Limited","0484 406 0200"
"Founding Minds Software","0484 404 2200"
"Calpine Group","0484 406 0306"
"Ignitho Technologies","077369 99970"
"Naico Information Technology Services Private Limited","0484 406 0130"
"CoolMinds Technologies Pvt Ltd.","0484 241 5121"
"TKM Infotech","0484 406 0728"
"Brahmaa Infotek","094463 55222"
"Visual IQ","0484 669 3000"
"Spiralbean Software Solutions","0484 242 5257"
"Saiha Software Technologies Pvt. Ltd. ( best software company in kochi|best seo company in kochi)","099460 00848"
"Orion India Systems Pvt. Ltd.","0484 661 6100"
"Metclouds Technologies","0484 407 0820"
"Datamate Infosolutions Pvt Ltd","0484 241 4400"
"Cazablaze Technologies Pvt.Ltd കാസാബ്ലേസ് ടെക്നോളജീസ്","0484 403 1829"
"UGO Technologies","0484 485 1148"
"NeST Technologies","0484 661 4000"
"VVDN Technologies","0484 210 8682"
"WRENCH Solutions R&D Centre","0484 407 8201"
"UVJ Technologies Pvt.Ltd","0484 241 3388"
"QBurst","0471 653 7510"
"SciWiz Innovations Pvt Ltd","0484 403 7550"
"Zerone Consulting","0484 241 5131"
"Brahmanet IT Solutions Pvt Ltd","0484 297 3996"
"GSTi Technologies India Pvt. Ltd.","0484 407 0368"
"Oréll Software Solutions Pvt Ltd","0484 414 1000"
"ZoftSolutions Pvt Ltd","0484 258 7500"
"Experion Technologies Pvt. Ltd","0484 306 7300"
"Digital Core Technologies Pvt. Ltd.","094477 80784"
"Grapelime Infotech","081297 20780"
"INNfinit IT Ventures Pvt Ltd","094477 34981"
"Exalture Software Labs Private Limited","0484 298 0722"
"Ndimensionz Solutions Pvt Ltd","0484 668 9999"
"Nintriva","097460 88892"
"INFINTOR SOLUTIONS - Software Company in Kochi","0484 430 3888"
"Canrone Software","081390 82303"
"TechNeurons Consulting Solutions Pvt. Ltd.","0484 297 0506"
"SysInterface Software Solutions.Pvt.Ltd","0484 657 1522"
"Gadgeon Smart Systems Pvt Limited","0484 290 3000"
"PiServe Technologies Private Limited","090723 93333"
"Ismart Business Solution Pvt Ltd","0484 241 3197"
"ESPY Labs","Open ⋅ Closes 8PM"
"Andronova Software Technologies","0484 401 5398"
"Technovia Info Solutions Pvt. Ltd.","0484 210 0246"
"Bitwissend Technologies","098473 45989"
"Mitsogo","0484 297 4545"
"Kott Software","0484 297 9898"
"CogniCor","0484 241 5600"
"Nixtree Solutions LLP","086060 79333"
"Canrone Software","0484 485 9303"
"Solminds Technologies","098472 77798"
"DBSSPL - Definitionlabs Business Support Systems Private Limited","098950 43433"
"Wisilica India Pvt Ltd","0484 242 7542"
"UVJ Technologies","0484 242 7542"
"Cochin Techs and Solutions LLP","094000 19204"
"Advanced Integrated Technologies and Systems.","094000 19204"
"Art Technology and Software India Pvt Ltd","0484 241 5244"
"Viaweb Solutions","0484 403 3486"
"Garymark Infotech","0484 402 2244"
"QuaCia Software Solutions","090720 70993"
"ALT-D Technologies LLP","097449 57035"
"Coolminds Technologies","097449 57035"
"GlensPark Software Solutions","0484 298 6233"
"Tata Consultancy Services","0484 618 7000"
"Easysoft Technologies","090371 52055"
"Caparizon Software","094003 59991"
"AscentCity Technologies","096456 53369"
"Gadgeon","096456 53369"
"Alcodex Technologies Private Limited","0484 298 0822"
"Madhoc Software Technologies","094959 61404"
"IMMCO Software Solutions Pvt Ltd.","0484 404 4743"
"Techmira IT Solutions","088917 92226"
"ERP Software Solutions","0484 405 8000"
"Bodha Innovation Labs Pvt Ltd","48439520640"
"Katzion","0484 485 8680"
"Orion Business Innovation","0484 661 6100"
"Sterian Technology Solutions Pvt. Ltd.","0484 653 0122"
"Intelligent Decisions Systems India Private Limited","084832 46798"
"RapidValue IT Services","0484 234 2244"
"Hi-Tech iSolutions LLP","0484 667 9200"
"Wahy Lab Solutions","097477 76355"
"GrandTrust InfoTech","0484 241 5333"
"iLeaf Solutions Pvt Ltd.","0484 298 8403"
"DRD Communications & Software Pvt. Ltd","0484 241 5221"
"Web Based CRM Software","0484 405 8000"
"ExodeSoft Technologies Pvt. Ltd.","0484 403 3246"
"WOFT Technologies Pvt Ltd","096050 54446"
"Gizmeon Technologies Pvt Ltd","Open ⋅ Closes 7:30PM"
"CCS Technologies (Pvt) Ltd.","0484 410 4201"
"Codea Technologies Inc","0484 405 5862"
"Reowix Technologies Pvt.Ltd","0484 606 0060"
"Blue Stroke Labs Pvt Ltd.","0484 238 8016"
"Fingent Global Solutions Private Limited","0484 405 5006"
"Wiltech Software Solutions (P) Ltd.","0484 241 3237"
"Mindlabs Systems","0484 298 2248"
"Vuelogix Technologies","080 4953 7554"
"Intellyze Labs","097479 55999"
"Technovia Info Solutions Pvt Ltd","0484 210 0246"
"Sienti Solutions Pvt.Ltd.Kakkanad","085938 11118"
"Forent Infosolutions Pvt Ltd","094476 08690"
"Bharathi Information Technologies Pvt Ltd","0484 401 0038"
"Saakhi Web App Solutions Kochi","096339 19346"
"NeST Information Technologies","070123 15376"
"Stunntech Innovations","095628 56242"
"Caparizon Software Pvt. Ltd.","094003 59991"
"Tekqua Solutions Private Limited","0484 402 6012"
"App Lynks Software Solutions","0484 406 7877"
"Aabasoft","0484 417 2222"
"QPro Innovations","075618 18881"
"Indigo Concepts (P) Ltd","0484 324 2370"
"Innovature Labs Pvt Ltd","0484 403 8120"
"radview technologies","090725 73030"
"Insto Consultancy Services Pvt. Ltd.","0484 485 0690"
"Digiora Technologies Pvt Ltd","0484 406 1387"
"Creatnlrn Pvt Ltd","0484 403 0898"
"Suyati Technologies Pvt Ltd (Geon Wing)","0484 424 2800"
"AFI Technologies career","0484 424 2800"
"Aspiris technologies","0484 424 2800"
"Agen technologies","0484 424 2800"
"Techlobster Solutions Private Limited","098956 76555"
"NewAgeSys Solutions","0484 298 3032"
"Knowledge Lens Pvt Limited","0484 405 5367"
"Emsyne","<span style=""color:#e37400"">Closes soon</span> ⋅ 6PM"
"Techions Software Labs Private Limited","0484 242 8655"
"B-Mates Technologies Pvt Ltd","092075 78887"
"Global Infonet Inc","0484 646 8880"
"Techrish Solutions","0484 407 0808"
"Zerone Consulting Pvt.Ltd.","Open ⋅ Closes 7PM"
"Profess Software Solutions Private Limited","0484 242 8643"
"Polymor Technologies","099951 05572"
"Aatoon Solutions","0484 404 4458"
"Imtell Technologies Pvt. Ltd.","098465 50222"
"Net Trans Infotech Pvt.Ltd.","Open 24 hours"
"Saasvaap Techies Private Limited","0484 401 1925"
"SOD Technologies Pvt Ltd","0484 403 1713"
"Inttelix Security Solutions Pvt.Ltd","0484 402 6222"
"Cognizant Technology Solutions","1800 208 6999"
"MariApps Marine Solutions Pvt. Ltd","0484 405 9601"
"MSI Soft","0484 406 1881"
"Nixminds Technologies","0484 400 0626"
"Sowbit Technologies","099462 80412"
"DreamWeaver Business Solutions and SMSMATE","094464 24934"
"WiSilica India Pvt Ltd, QA Center","<span style=""color:#e37400"">Closes soon</span> ⋅ 6:30PM"
"Tavus Innovation Private Limited","0484 485 4009"
"Kefas Softwares Pvt Ltd","Open ⋅ Closes 8:30PM"
"Nanocraft Tech LLP","<span style=""color:#d93025"">Closed</span> ⋅ Opens 9:30AM Wed"
"Saranga Geo Software and Engineering Services PVT LTD","0484 405 8835"
"Etisalat DB Telecom Pvt Ltd","0484 405 8835"
"Garden Info Systems","094470 52205"
"CLUSTER JOBZ","0484 210 9927"
"SayOne Technologies","072931 52324"
"Chillar Payment Solutions Pvt Ltd","099956 99899"
"IBS Software Private Limited","0471 661 4796"
"Orion India Systems Pvt. Ltd.","0484 663 3700"
"Klok Innovations","<span style=""color:#d93025"">Closed</span> ⋅ Opens 9AM Wed"
"QWave Soft Systems India Pvt. Ltd.","0484 297 3977"
"Aspiris Technologies","Open ⋅ Closes 7PM"
"Skynats Technologies","0484 402 6269"
"Serville Technologies Pvt Ltd","086064 62277"
"Macrosive","0484 661 1458"
"TechTron Services","0484 237 9518"
"Skylytics Labs Private Limited","097873 71365"
"Heavenly Plaza 4th Floor","<span style=""color:#e37400"">Closes soon</span> ⋅ 6PM"
"IT Bin Solutions","0484 238 8029"
"UST Global","0484 404 0000"
"MWT Technologies Pvt. Ltd.","0484 429 3000"
"Preatech Technologies","081053 94675"
"Deulect Technologies","080750 18618"
"Phases Innovations Private Limited","0484 297 5990"
"76 Degrees East Technologies","099950 08977"
"TripMaker Software - Travel Agency Software India","070254 47765"
"Wager Infotech","070254 47765"
"SBL","0484 424 9999"
"Litmus7 Systems Consulting Pvt Ltd.","090483 06717"
"Stohos Business Technologies","0484 606 4448"
"Entri HQ","094465 49626"
"Antonal","070348 88111"
"Dieutek Developments","094968 21365"
"SFO Technologies","0484 420 3333"
"Synapze","Open ⋅ Closes 9PM"
"EasySalePOS - ESPOS","090370 12303"
"Wipro Technologies","0484 305 4949"
"Kruxsoft Solutions Pvt. Ltd","0484 400 0677"
"Cognizant Technology Solutions","0484 392 1000"
"Xen.ai","<span style=""color:#e37400"">Closes soon</span> ⋅ 6PM"
"Gadgeon Smart Systems Pvt Limited","0484 290 3000"
"Tranzmeo","0484 403 3744"
"MJ SOFTTECH INDIA PVT. LTD.","0484 242 1245"
"BLUECAST TECHNOLOGIES","<span style=""color:#e37400"">Closes soon</span> ⋅ 6:30PM"
"Cascade Revenue Management Pvt. Ltd.","0484 699 2288 ext. 6992292"
"Neudesic Technologies Pvt.Ltd.","0484 420 4222"
"Wavesfront","0484 242 3723"
"Unidad Techno Labs (P) Ltd.","080860 77999"
"Tedsys Technologies Pvt. Ltd.","0484 298 3491"
"Coronata creations Pvt.Ltd.","081139 06162"
"BTC TECHNO LABS PRIVATE LIMITED","0484 485 0484"
"Nahum Technologies","080890 58131"
"A & S InfoTech Pvt Ltd","0484 242 9191"
"Redjet Technologies","097441 29432"
"Camino Infotech Kochi","096336 60296"
"Bomicare","088919 42078"
"Iware Solutions","098954 99989"
"Oroboro Global Pvt Ltd","0484 238 8065"
"WE DO - INDIA","<span style=""color:#d93025"">Closed</span> ⋅ Opens 9:30AM Wed"
"Luziid Technologies","<span style=""color:#d93025"">Closed</span> ⋅ Opens 9AM Wed"
"Inspirisys Solutions Limited ( Formerly Accel Frontline Ltd )","0484 334 3444"
"ZineMind Technologies","<span style=""color:#e37400"">Closes soon</span> ⋅ 6PM"
"Camino Infotech","096336 60296"
"DataMonks","097460 24379"
"Dalligence","<span style=""color:#d93025"">Closed</span> ⋅ Opens 9AM Fri"
"Spawoz: TYPO3 CMS, Laravel Development Company (India)","0484 403 0911"
"Fingent Technology Solutions Pvt. Ltd.","0484 405 5006"
"Cognizant Technology Solutions","1800 208 6999"
"MantraNet Solutions","094470 00031"
"Speridian Technologies","<span style=""color:#e37400"">Closes soon</span> ⋅ 6:30PM"
"Spearmint Games","079024 16909"
"Lookings Soft Pvt Ltd - React Company","<span style=""color:#e37400"">Closes soon</span> ⋅ 6:30PM"
"SayOne Technologies","0484 297 2324"
"Applexus Technologies Pvt. Ltd","0484 401 5285"
"VVDN Technologies Pvt Ltd.","<span style=""color:#e37400"">Closes soon</span> ⋅ 6PM"
"Saffron Technologies","0484 401 0067"
"Campus7 - School Management Software","<span style=""color:#e37400"">Closes soon</span> ⋅ 6PM"
"Revac Solutions","<span style=""color:#d93025"">Closed</span> ⋅ Opens 9:30AM Wed"
"Vendfox Solutions","<span style=""color:#d93025"">Closed</span> ⋅ Opens 9:30AM Wed"
"Borncode Technologies","Open ⋅ Closes 8PM"
"Wolkes9","0484 298 8444"
"iNFOX Technologies","0484 405 9655"
"VVDN Technologies Pvt Ltd","<span style=""color:#e37400"">Closes soon</span> ⋅ 6PM"
"SectorQube","085899 35566"
"GrandReves Technologies","<span style=""color:#e37400"">Closes soon</span> ⋅ 6:30PM"
"ProxNtelli Labs Pvt Ltd","<span style=""color:#e37400"">Closes soon</span> ⋅ 6:30PM"
"Wevanto Solutions","<span style=""color:#d93025"">Closed</span> ⋅ Opens 9AM Wed"
"Voxbay Solutions - IP PBX, Call Center, IVR Solutions","099468 69229"
"Merclain Technologies Pvt. Ltd.","088932 22250"
"Cabot Technology Solutions","0484 404 5555"
"Logiticks","Open ⋅ Closes 7PM"
"Iris Medical Solutions","0484 242 1309"
"Cloudium Software Pvt. Ltd.","099470 78800"
"Cubet Techno Labs","0484 405 4324"
"Litmus7 Systems Consulting Pvt Ltd","<span style=""color:#d93025"">Closed</span> ⋅ Opens 9AM Wed"
"Kinfra Administrative Office","0484 241 5796"
"SpiderWorks","094955 59690"
"CodExtreme - Digital Marketing seo company in Kochi","094474 60091"
"Brizotech Labs","070122 31538"
"Code CL","<span style=""color:#d93025"">Closed</span> ⋅ Opens 10AM Wed"
"BEO Software Pvt Ltd","0484 234 1197"
"Infocom Software","0484 441 1284"
"Zillion Info Solutions","098952 95838"
"HatchingWeb","<span style=""color:#e37400"">Closes soon</span> ⋅ 6:30PM"
"NeST Information Technologies","0484 670 1000"
"Viewway Solutions Private Limited","0484 670 1000"
"Oréll Technosystems (India) Pvt. Ltd.","0484 414 1000"
"Brizotech Labs","<span style=""color:#e37400"">Closes soon</span> ⋅ 6PM"
"ROGERSOFT","099956 38376"
"J4web","0484 405 1365"
"WFB Baird & Company","0484 421 9100"
"MSD Pharmaceuticals Pvt Ltd","0484 297 0083"
"Veegaland Homes Kochi","097467 74444"
"Sunpaul Group of Companies","081118 70033"
"Allianze BPO International","0484 241 3071"
"Sterling And Wilson Limited","0484 257 6029"
"Webdura Technologies","0484 403 4499"
"Noel Villas and Apartments","0484 287 0800"
"Casadel Builders","080890 03003"
"Bava Realtors","0484 606 6633"
"SpyroSys","090729 73151"
"Inspirisys Solutions Limited","<span style=""color:#e37400"">Closes soon</span> ⋅ 6PM"
"Digital Skill Master","081388 75600"
"CAT Entertainments","097479 55261"
"SFO Technologies Pvt. Ltd.","0484 661 4300"
"DBASE Solutions","<span style=""color:#e37400"">Closes soon</span> ⋅ 6PM"
"SmartCity Kochi","0484 668 9800"
"ABC Group of Companies","0484 242 2665"
"ABB India Limited","1800 420 0707"
"Tata Ceramics","0484 660 4105"
"Marymatha Infrastructure Pvt. Ltd. (Corporate Office)","0484 241 4300"
"FinLead International Services Private Limited","095394 13703"
"Traco Cable Company Limited","0484 278 0237"
"Desai Homes","0484 417 7888"
"CII Guardian International Limited","0484 241 3031"
"Dynactionize India","0484 241 5217"
"Geo Infopark","0484 241 5226"
"World Trade Center Kochi","080890 99915"
"CSEZ Administrative Office","0484 241 3111"
"Hubbell India","0484 241 3111"
"Muthoot Technopolis","0484 236 6815"
"CII Guardian International Limited","0484 241 3031"
"Dynactionize India","0484 241 5217"
"Geo Infopark","0484 241 5226"
"World Trade Center Kochi","080890 99915"
"CSEZ Administrative Office","0484 241 3111"
"Hubbell India","0484 241 3111"
"Muthoot Technopolis","0484 236 6815"
"CII Guardian International Limited","0484 241 3031"
"Dynactionize India","0484 241 5217"
"Geo Infopark","0484 241 5226"
"World Trade Center Kochi","080890 99915"
"CSEZ Administrative Office","0484 241 3111"
"Hubbell India","0484 241 3111"
"Muthoot Technopolis","0484 236 6815"
"CII Guardian International Limited","0484 241 3031"
"Dynactionize India","0484 241 5217"
"Geo Infopark","0484 241 5226"
"World Trade Center Kochi","080890 99915"
"CSEZ Administrative Office","0484 241 3111"
"Hubbell India","0484 241 3111"
"Muthoot Technopolis","0484 236 6815"
"CII Guardian International Limited","0484 241 3031"
"Dynactionize India","0484 241 5217"
"Geo Infopark","0484 241 5226"
"World Trade Center Kochi","080890 99915"
"CSEZ Administrative Office","0484 241 3111"
"Hubbell India","0484 241 3111"
"Muthoot Technopolis","0484 236 6815"
"CII Guardian International Limited","0484 241 3031"
"Dynactionize India","0484 241 5217"
"Geo Infopark","0484 241 5226"
"World Trade Center Kochi","080890 99915"
"CSEZ Administrative Office","0484 241 3111"
"Hubbell India","0484 241 3111"
"Muthoot Technopolis","0484 236 6815"
"CII Guardian International Limited","0484 241 3031"
"Dynactionize India","0484 241 5217"
"Geo Infopark","0484 241 5226"
"World Trade Center Kochi","080890 99915"
"CSEZ Administrative Office","0484 241 3111"
"Hubbell India","0484 241 3111"
"Muthoot Technopolis","0484 236 6815"
"CII Guardian International Limited","0484 241 3031"
"Dynactionize India","0484 241 5217"
"Geo Infopark","0484 241 5226"
"World Trade Center Kochi","080890 99915"
"CSEZ Administrative Office","0484 241 3111"
"Hubbell India","0484 241 3111"
"Muthoot Technopolis","0484 236 6815"
"CII Guardian International Limited","0484 241 3031"
"Dynactionize India","0484 241 5217"
"Geo Infopark","0484 241 5226"
"World Trade Center Kochi","080890 99915"
"CSEZ Administrative Office","0484 241 3111"
"Hubbell India","0484 241 3111"
"Muthoot Technopolis","0484 236 6815"
"CII Guardian International Limited","0484 241 3031"
"Dynactionize India","0484 241 5217"
"Geo Infopark","0484 241 5226"
"World Trade Center Kochi","080890 99915"
"CSEZ Administrative Office","0484 241 3111"
"Hubbell India","0484 241 3111"
"Muthoot Technopolis","0484 236 6815"
"CII Guardian International Limited","0484 241 3031"
"Dynactionize India","0484 241 5217"
"Geo Infopark","0484 241 5226"
"World Trade Center Kochi","080890 99915"
"CSEZ Administrative Office","0484 241 3111"
"Hubbell India","0484 241 3111"
"Muthoot Technopolis","0484 236 6815"
"CII Guardian International Limited","0484 241 3031"
"Dynactionize India","0484 241 5217"
"Geo Infopark","0484 241 5226"
"World Trade Center Kochi","080890 99915"
"CSEZ Administrative Office","0484 241 3111"
"Hubbell India","0484 241 3111"
"Muthoot Technopolis","0484 236 6815"
"CII Guardian International Limited","0484 241 3031"
"Dynactionize India","0484 241 5217"
"Geo Infopark","0484 241 5226"
"World Trade Center Kochi","080890 99915"
"CSEZ Administrative Office","0484 241 3111"
"Hubbell India","0484 241 3111"
"Muthoot Technopolis","0484 236 6815"
"CII Guardian International Limited","0484 241 3031"
"Dynactionize India","0484 241 5217"
"Geo Infopark","0484 241 5226"
"World Trade Center Kochi","080890 99915"
"CSEZ Administrative Office","0484 241 3111"
"Hubbell India","0484 241 3111"
"Muthoot Technopolis","0484 236 6815"
"CII Guardian International Limited","0484 241 3031"
"Dynactionize India","0484 241 5217"
"Geo Infopark","0484 241 5226"
"World Trade Center Kochi","080890 99915"
"CSEZ Administrative Office","0484 241 3111"
"Hubbell India","0484 241 3111"
"Muthoot Technopolis","0484 236 6815"
"CII Guardian International Limited","0484 241 3031"
"Dynactionize India","0484 241 5217"
"Geo Infopark","0484 241 5226"
"World Trade Center Kochi","080890 99915"
"CSEZ Administrative Office","0484 241 3111"
"Hubbell India","0484 241 3111"
"Muthoot Technopolis","0484 236 6815"
"CII Guardian International Limited","0484 241 3031"
"Dynactionize India","0484 241 5217"
"Geo Infopark","0484 241 5226"
"World Trade Center Kochi","080890 99915"
"CSEZ Administrative Office","0484 241 3111"
"Hubbell India","0484 241 3111"
"Muthoot Technopolis","0484 236 6815"
"CII Guardian International Limited","0484 241 3031"
"Dynactionize India","0484 241 5217"
"Geo Infopark","0484 241 5226"
"World Trade Center Kochi","080890 99915"
"CSEZ Administrative Office","0484 241 3111"
"Hubbell India","0484 241 3111"
"Muthoot Technopolis","0484 236 6815"
"CII Guardian International Limited","0484 241 3031"
"Dynactionize India","0484 241 5217"
"Geo Infopark","0484 241 5226"
"World Trade Center Kochi","080890 99915"
"CSEZ Administrative Office","0484 241 3111"
"Hubbell India","0484 241 3111"
"Muthoot Technopolis","0484 236 6815"
"CII Guardian International Limited","0484 241 3031"
"Dynactionize India","0484 241 5217"
"Geo Infopark","0484 241 5226"
"World Trade Center Kochi","080890 99915"
"CSEZ Administrative Office","0484 241 3111"
"Hubbell India","0484 241 3111"
"Muthoot Technopolis","0484 236 6815"
"CII Guardian International Limited","0484 241 3031"
"Dynactionize India","0484 241 5217"
"Geo Infopark","0484 241 5226"
"World Trade Center Kochi","080890 99915"
"CSEZ Administrative Office","0484 241 3111"
"Hubbell India","0484 241 3111"
"Muthoot Technopolis","0484 236 6815"
"CII Guardian International Limited","0484 241 3031"
"Dynactionize India","0484 241 5217"
"Geo Infopark","0484 241 5226"
"World Trade Center Kochi","080890 99915"
"CSEZ Administrative Office","0484 241 3111"
"Hubbell India","0484 241 3111"
"Muthoot Technopolis","0484 236 6815"
"CII Guardian International Limited","0484 241 3031"
"Dynactionize India","0484 241 5217"
"Geo Infopark","0484 241 5226"
"World Trade Center Kochi","080890 99915"
"CSEZ Administrative Office","0484 241 3111"
"Hubbell India","0484 241 3111"
"Muthoot Technopolis","0484 236 6815"
"CII Guardian International Limited","0484 241 3031"
"Dynactionize India","0484 241 5217"
"Geo Infopark","0484 241 5226"
"World Trade Center Kochi","080890 99915"
"CSEZ Administrative Office","0484 241 3111"
"Hubbell India","0484 241 3111"
"Muthoot Technopolis","0484 236 6815"
"CII Guardian International Limited","0484 241 3031"
"Dynactionize India","0484 241 5217"
"Geo Infopark","0484 241 5226"
"World Trade Center Kochi","080890 99915"
"CSEZ Administrative Office","0484 241 3111"
"Hubbell India","0484 241 3111"
"Muthoot Technopolis","0484 236 6815"
"CII Guardian International Limited","0484 241 3031"
"Dynactionize India","0484 241 5217"
"Geo Infopark","0484 241 5226"
"World Trade Center Kochi","080890 99915"
"CSEZ Administrative Office","0484 241 3111"
"Hubbell India","0484 241 3111"
"Muthoot Technopolis","0484 236 6815"
"CII Guardian International Limited","0484 241 3031"
"Dynactionize India","0484 241 5217"
"Geo Infopark","0484 241 5226"
"World Trade Center Kochi","080890 99915"
"CSEZ Administrative Office","0484 241 3111"
"Hubbell India","0484 241 3111"
"Muthoot Technopolis","0484 236 6815"
"CII Guardian International Limited","0484 241 3031"
"Dynactionize India","0484 241 5217"
"Geo Infopark","0484 241 5226"
"World Trade Center Kochi","080890 99915"
"CSEZ Administrative Office","0484 241 3111"
"Hubbell India","0484 241 3111"
"Muthoot Technopolis","0484 236 6815"
"CII Guardian International Limited","0484 241 3031"
"Dynactionize India","0484 241 5217"
"Geo Infopark","0484 241 5226"
"World Trade Center Kochi","080890 99915"
"CSEZ Administrative Office","0484 241 3111"
"Hubbell India","0484 241 3111"
"Muthoot Technopolis","0484 236 6815"
"CII Guardian International Limited","0484 241 3031"
"Dynactionize India","0484 241 5217"
"Geo Infopark","0484 241 5226"
"World Trade Center Kochi","080890 99915"
"CSEZ Administrative Office","0484 241 3111"
"Hubbell India","0484 241 3111"
"Muthoot Technopolis","0484 236 6815"
"CII Guardian International Limited","0484 241 3031"
"Dynactionize India","0484 241 5217"
"Geo Infopark","0484 241 5226"
"World Trade Center Kochi","080890 99915"
"CSEZ Administrative Office","0484 241 3111"
"Hubbell India","0484 241 3111"
"Muthoot Technopolis","0484 236 6815"
"CII Guardian International Limited","0484 241 3031"
"Dynactionize India","0484 241 5217"
"Geo Infopark","0484 241 5226"
"World Trade Center Kochi","080890 99915"
"CSEZ Administrative Office","0484 241 3111"
"Hubbell India","0484 241 3111"
"Muthoot Technopolis","0484 236 6815"
"CII Guardian International Limited","0484 241 3031"
"Dynactionize India","0484 241 5217"
"Geo Infopark","0484 241 5226"
"World Trade Center Kochi","080890 99915"
"CSEZ Administrative Office","0484 241 3111"
"Hubbell India","0484 241 3111"
"Muthoot Technopolis","0484 236 6815"
"CII Guardian International Limited","0484 241 3031"
"Dynactionize India","0484 241 5217"
"Geo Infopark","0484 241 5226"
"World Trade Center Kochi","080890 99915"
"CSEZ Administrative Office","0484 241 3111"
"Hubbell India","0484 241 3111"
"Muthoot Technopolis","0484 236 6815"
"CII Guardian International Limited","0484 241 3031"
"Dynactionize India","0484 241 5217"
"Geo Infopark","0484 241 5226"
"World Trade Center Kochi","080890 99915"
"CSEZ Administrative Office","0484 241 3111"
"Hubbell India","0484 241 3111"
"Muthoot Technopolis","0484 236 6815"
"CII Guardian International Limited","0484 241 3031"
"Dynactionize India","0484 241 5217"
"Geo Infopark","0484 241 5226"
"World Trade Center Kochi","080890 99915"
"CSEZ Administrative Office","0484 241 3111"
"Hubbell India","0484 241 3111"
"Muthoot Technopolis","0484 236 6815"